venue_id,venue_name,latitude,longitude,roof_type
2857,Veterans Memorial Stadium,41.96785,-91.68662,Open
7253,ONT Field,34.0184639834586,-117.60331808557788,Open
7258,Sun Marine Stadium,,,Open
7260,Coloso del Pacifico,,,Open
7261,Petco Park Events,32.707861,-117.157278,Open
7262,Esmond Athletic Field,,,Open
3089,Kyocera Dome,,,Dome
2835,Valley Strong Ballpark,36.3320197,-119.3053325,Open
6137,NEW VENUE TBD,,,Open
7269,US Bank Stadium,,,
7270,Sewell-Thomas Stadium,,,
7273,Charles Schwab Field,,,
7272,Plainsman Park,,,
7271,Baum-Walker Stadium,,,
7406,Amaurys Nina Baseball Academy,,,Open
4429,Hillsboro Ballpark,45.5536,-122.908511,Open
7407,Dumke Family Softball Stadium,,,Open
4960,Keesler Federal Park,30.395421,-88.893217,Open
7411,Davis Diamond,,,Open
2525,Jack Russell Memorial Stadium,,,Open
7254,Wilson Ballpark,,,Open
7259,Sokken Stadium,,,Open
7263,Bader Athletic Field,,,Open
7274,Husky Ballpark,,,
7268,Estadio Metropolitano de San Cristobal,,,Open
7275,David F Couch Ballpark,,,
7276,English Field at Atlantic Union Bank Park,,,
7277,Davenport Field at Disharoon Park,,,
7278,Hawkins Field,,,
7279,Kendrick Family Ballpark at the Monongalia County Baseball Complex,,,
7280,Charlie Monfort Field at America First Ballpark,,,
7281,John Euliano Park,,,
7282,Dan Law Field at Rip Griffin Park,,,
7283,Jackie Robinson Stadium,,,
7284,Charlie and Marie Lupton Baseball Stadium at Williams-Reilly Field,,,
4925,Stuart Stadium,,,Open
7285,Klein Field at Sunken Diamond,,,
7286,Bainton Field,,,
7408,Smith Family Stadium,,,Open
3189,Dow Diamond,43.6089355,-84.2397878,Open
4882,Parkway Field,,,Open
4449,Estadio Mariano 'Mini' Meaux,,,Open
4834,Holman Stadium,,,Open
2506,City of Palms Park,,,Open
2395,Oracle Park,37.778383,-122.389448,Open
7292,Alexander Field,,,
5162,Kal Tire Place,,,Dome
4832,Heritage Park,,,Open
2680,Petco Park,32.707861,-117.157278,Open
4837,Hooker Field,,,Open
2958,Estadio Beto Avila,,,Open
3122,Estadio Roberto Clemente Walker,,,Open
2641,Drillers Stadium,,,Open
32,American Family Field,43.02838,-87.97099,Retractable
7149,Stevens Park,,,Open
6554,Anson's Park,,,Open
7297,O'Brate Stadium,,,
680,T-Mobile Park,47.591333,-122.33251,Retractable
6032,Estadio Arturo C. Nahl,,,Open
7305,Siebert Field,,,
2504,The Stadium at the ESPN Wide World of Sports,28.33725,-81.55613,Open
5156,Cambria County War Memorial Arena,,,Dome
2810,Memorial Stadium,,,Open
5186,Webster Bank Arena,,,Dome
6083,Roger Dean Stadium Complex (MIA),,,Open
4912,Sanders-Jacobs Field,,,Open
3809,Camelback Ranch,33.51434,-112.29612,Open
4818,Four Mile Run Park,,,Open
2721,Robert F. Kennedy Memorial Stadium,,,Open
4213,Norwood Oval,,,Open
2701,Walmart Park,,,Open
6020,Academia De Béisbol Felipe Alou,,,Open
7312,Kentucky Proud Park,,,
3329,Arvest Ballpark,36.15968,-94.194624,Open
2774,Northwest Federal Field,,,Open
2829,Pirate City Complex,,,Open
6350,Muncie IN (Unknown),,,Open
3652,Armin-Wolf Baseball Arena,,,Open
2524,Phoenix Municipal Stadium,,,Open
2846,UCHealth Park,,,Open
6444,Windsor Airport Field,,,Open
3289,Citi Field,40.75753012,-73.84559155,Open
5167,Pegula Ice Arena,,,Dome
5028,Bell Centre,,,Dome
3123,Exhibition Stadium,,,Open
3557,MLB Urban Youth Academy,,,Open
2660,Doubleday Field,,,Open
3790,Parkview Field,41.07345,-85.14366,Open
6120,Goodyear Ballpark Complex (CLE),,,Open
4845,LaGrave Field,,,Open
4780,Burns Stadium,,,Open
6359,Morrison IL (Unknown),,,Open
4890,Pikeville Athletic Field Complex,,,Open
4788,Crockett Park,,,Open
2740,7 17 Credit Union Park,41.07739,-81.52185,Open
2827,Northwestern Medicine Field,,,Open
4873,Muzzy Field,,,Open
7255,Erlanger Park,35.02602956034051,-85.32085229852302,Open
7256,Hops Ballpark,45.554,-122.9085,Open
7264,City Park Stadium,,,Open
7409,Tom Heath Field,,,Open
7320,Condron Family Ballpark,,,
6790,Kinsman Hardware Field,,,Open
7324,Miller Park at Larry H Miller Field,,,
7325,Baylor Ballpark,,,
7194,Pioneer Memorial Stadium,,,Open
7079,Atwood Stadium,,,Open
6817,Graham Field,,,Open
7326,Eddie Pellagrini Diamond,,,
7212,Southside Park,,,Open
6413,Association Park II,,,Open
6792,Jeannette PA (Unknown),,,Open
3132,Lloyd Street Grounds,,,Open
3556,MacKenzie Stadium,,,Open
4945,Washington Park,,,Open
3072,Tomas Oroz Gaytan,,,Open
5025,Bankers Life Fieldhouse,,,Dome
2528,Dell Diamond,30.527463,-97.630397,Open
2624,PGE Park,,,Open
2502,Hermosillo,,,Open
4830,Henderson Stadium,,,Open
2757,Heritage Financial Park,41.52638,-73.96109,Open
3125,Forbes Field,,,Open
3136,Mile High Stadium,,,Open
4849,Lansdowne Park,,,Open
5175,TCF Bank Stadium,,,Open
2830,Ogren Park Allegiance Field,,,Open
3650,Blansko Field,,,Open
4892,Pompano Beach Municipal Stadium,,,Open
6361,Casino Park,,,Open
6177,Katy Park,,,Open
6646,Eclipse Park III,38.245792,38.245792,Open
2505,Fort Lauderdale Stadium,,,Open
7084,McNulty Field,,,Open
3869,Estadio Enzo Hernandez,,,Open
7088,Maple Avenue Field,,,Open
4710,Estadio Panamericano de los Charros,,,Open
2518,American Family Fields of Phoenix,33.49202,-112.1727,Open
6144,Woodbine IA (Unknown),,,Open
2779,Delta Dental Park,43.6562399,-70.27873,Open
2724,Louisville Slugger Field,38.2557199,-85.74479,Open
3209,Estadio 18 de Marzo de 1938,,,Open
4919,Smithson Stadium,,,Open
4805,Durham Athletic Park,,,Open
6395,Sherman Field,,,Open
6148,Pann Park,,,Open
2889,Busch Stadium,38.62256667,-90.19286667,Open
7113,Inlet Park I,,,Open
5027,BB&T Center,,,Dome
3789,Greater Nevada Field,39.52812,-119.80901,Open
4781,Bush Field,,,Open
2501,Kino Veterans Memorial Stadium,,,Open
7090,Lions Field,,,Open
6091,St. Louis Cardinals DR Complex,,,Open
4792,College Park,,,Open
3161,Mahaffey Park,,,Open
7257,CarMax Park,,,Open
7265,Nash Street Field,,,Open
7327,Olsen Field at Blue Bell Park,,,
7328,UFCU Disch-Falk Field,,,
7329,Lindsey Nelson Stadium,,,
7330,Charles L Cost Field,,,
7331,Founders Park,,,
7332,Swayze Field,,,
7333,Goss Stadium at Coleman Field,,,
7334,L. Dale Mitchell Park,,,
6258,Park de Young,,,Open
7335,Bill Davis Stadium at Nick Swisher Field,,,
7336,Frank Eck Baseball Stadium,,,
7410,Parkway Bank Sports Complex,,,Open
7186,Pluto Park,,,Open
7123,Gordy Park,,,Open
7083,Mercer Park,,,Open
7170,Smedley Field,,,Open
2538,"US West Sports Complex, Hi Corbett Field",,,Open
7405,Baggett Stadium,,,
7165,Soos Park,,,Open
7124,Gary Works Field,,,Open
6163,Williamsport PA (Unknown),,,Open
7109,Lambertville Base Ball Grounds,,,Open
5204,Cleveland Arena,,,Dome
7177,Riverview Field,,,Open
7081,Miami Field,,,Open
6037,TicketSmarter Stadium,,,Open
7120,Grove Street Oval I,,,Open
7184,Pynchon Park,,,Open
7266,Recreation Park I,,,Open
7359,Bryson Field at Boshamer Stadium,,,
7360,Rocky and Berenice Miller Park,,,
7361,Hawks Field at Haymarket Park,,,
7362,Taylor Stadium,,,
7363,Josh Ishbia Field at McLane Stadium,,,
7364,Dudy Noble Field at Polk-Dement Stadium,,,
7365,Ray Fisher Stadium,,,
7027,Christian Brothers College Field,,,Open
2805,American Family Fields of Phoenix - Complex,,,Open
7061,Barnett Field,,,Open
7160,State Hospital Grounds,,,Open
6971,City Stadium,,,Open
7134,Federal League Park,-86.171599,39.759953,Open
7211,Recreation Park,,,Open
2394,Comerica Park,42.3391151,-83.048695,Open
3135,Metropolitan Stadium,,,Open
3074,Estadio Emilio Ibarra Almada,,,Open
6097,New York Mets DR Complex,,,Open
7130,Frankfort PA (Unknown),,,Open
6101,Los Angeles Dodgers DR Complex,,,Open
7159,State School Diamond,,,Open
4777,Bulkeley Stadium,,,Open
6952,Exposition Park,,,Open
5268,Wells Fargo Arena,,,Dome
6077,Guv Fuller Field,,,Open
2790,Modern Woodmen Park,41.51868,-90.58187,Open
2804,RCGT Park,45.4201,-75.6535,Open
2532,Scottsdale Stadium,33.48869,-111.92099,Open
6252,Electric Park,,,Open
2534,Charlotte Sports Park,26.99888,-82.18212,Open
5170,SaskTel Centre,,,Dome
5019,American Airlines Center,,,Dome
4950,Wickers Stadium,,,Open
3119,Comiskey Park,,,Open
3469,GoMart Ballpark,,,Open
2850,Four Winds Field,41.6704099,-86.25547,Open
3810,Gwinnett Field,34.0409586,-83.9937909,Open
5160,Hartwall Arena,,,Dome
6411,Glenwood Field,,,Open
2780,Hank Aaron Stadium,,,Open
5073,Rogers Arena,,,Dome
7126,Grays Stadium,,,Open
2513,Space Coast Stadium,,,Open
4865,Midway Stadium,,,Open
2759,Classic Auto Group Park,41.6424351,-81.4367781,Open
6743,Meyerrose Park,,,Open
5150,Gocheok Sky Dome,37.4982,126.867,Dome
5280,Golden 1 Center,,,Dome
6205,Giants Park I,,,Open
6891,Rox Park,,,Open
2509,Chain of Lakes Park,,,Open
7019,College Hill Park,,,Open
4933,Thurman Munson Memorial Stadium,,,Open
2807,HomeTrust Park,35.58668,-82.5501,Open
4808,Engel Stadium,,,Open
6294,Miller Field,,,Open
3155,Armory Park,,,Open
6247,Talbert Park,,,Open
7116,Greenlee Field,,,Open
4905,Rohnert Park Stadium,,,Open
6611,Maryland Park,,,Open
6393,Landis Field,,,Open
4490,Albert Park,,,Open
5172,Scotiabank Centre,,,Dome
26,Veterans Stadium,,,Open
4450,Estadio Municipal Pedro Roman Melendez,,,Open
5064,Pepsi Center,,,Dome
2729,Arthur W. Perdue Stadium,38.369979,-75.530656,Open
3569,Bowling Green Ballpark,36.9957207,-86.4411401,Open
7166,South Norwalk CT (Unknown),,,Open
6260,Legion Field,,,Open
2957,Toros Mobil Park,,,Open
2786,Ballad Health Field,,,Open
2848,Smokies Stadium,35.988718,-83.604554,Open
2778,Grayson Stadium,,,Open
2858,Victory Field,39.7657354,-86.1682918,Open
7179,Shewbridge Field,,,Open
2728,San Manuel Stadium,34.097266,-117.296268,Open
7075,Bacharach Park,,,Open
6901,Roebling Field,,,Open
7026,City Park,,,Open
6910,Red Bird Stadium,,,Open
6809,Griffith Field,,,Open
6497,Athletic Park,,,Open
6031,Jack Cook Field,,,Open
6747,Midland PA (Unknown),,,Open
6394,Blue Grass Park,,,Open
4926,Sulphur Dell,,,Open
3551,Frasier Field,,,Open
4883,Pat Thomas Stadium,,,Open
5321,Estadio Francisco Villa,,,Open
6854,Unknown FL (Unknown),,,Open
5157,Dunkin' Donuts Center,,,Dome
2772,Smith's Ballpark,40.74109,-111.89256,Open
4825,Haliwell Park,,,Open
6892,Slatington PA (Unknown),,,Open
7082,Merchants Park,,,Open
2543,Mark Light Stadium,,,Open
5430,Magic Box,,,Indoor
2798,Lake Olmstead Stadium,,,Open
2767,Fifth Third Field,41.64767,-83.53838,Open
6107,Cleveland Guardians DR Complex,,,Open
5261,Times Union Center,,,Dome
6119,Peoria Stadium Complex (SD),,,Open
2743,Carpenter Complex,,,Open
7020,Clinton Diamond,,,Open
3929,Beto Ávila Sherwin-Williams,21.152,-86.8363,Open
7217,Brazil Development Program,,,Open
4985,Dunkin' Park,41.77079,-72.6743078,Open
5074,SAP Center,,,Dome
4790,Colburn Park,,,Open
3111,Arlington Stadium,,,Open
5169,Rabobank Arena,,,Dome
2510,Estadio Jose Bernardo Perez,,,Open
7189,Plant Field,,,Open
6193,City League Park,,,Open
4846,Laguna Park,,,Open
5275,Hank McCamish Pavilion,,,Dome
7127,Fulton Park,,,Open
6207,Brock's Park,,,Open
7182,Rathert Stadium,,,Open
4940,Veterans Memorial Stadium,,,Open
6147,Felton Field,,,Open
5098,Xcel Energy Center,,,Dome
3031,Estadio Luis Aparicio,,,Open
5077,Sleep Train Arena,,,Dome
2950,Estadio Kickapoo Lucky Eagle,,,Open
2785,Hunnicutt Field,,,Open
6391,Dickson Field,,,Open
4810,Fair Grounds Field,,,Open
2833,The Ballpark at Jackson,,,Open
2726,Dan Daniel Memorial Park,,,Open
7105,Knights of Columbus Field,,,Open
4879,Olympic Stadium,,,Open
6699,Camden NJ (Unknown),,,Open
4369,Estadio Resurgimiento,,,Open
6140,York Memorial Stadium,,,Open
2742,Carl Barger Baseball Complex,,,Open
6729,Arlington NE (Unknown),,,Open
5260,Stockton Arena,,,Dome
3750,Estadio Isidoro 'Cholo' Garcia,,,Open
6548,Pyott's Park,,,Open
7032,Buff Stadium,,,Open
6799,Illinois Field,,,Open
6899,Rossmere Park,,,Open
6663,Daytona City Island Ballpark,,,Open
6461,Recreation Park,,,Open
6898,Rowell Field,,,Open
2793,Frawley Stadium,39.731809,-75.564174,Open
4700,Fowler Park and Cunningham Field,,,Open
5305,Kansas City Convention Center,,,Indoor
6662,Dean's Park,,,Open
7099,League Park,,,Open
2625,Five County Stadium,35.81726,-78.27122,Open
7097,League Park,,,Open
4917,Simplot Stadium,,,Open
7181,Rebel Stadium,,,Open
4872,Municipal Stadium,,,Open
3126,Griffith Stadium,,,Open
4766,Athletic Park,,,Open
7178,Schwarz Field,,,Open
4876,Oaks Park,,,Open
7208,Terrapin Park,39.324001,39.324001,Open
4922,St. Cloud Commons,,,Open
3015,Les Murakami Stadium,,,Open
7192,Peru IN (Unknown),,,Open
5044,Gillette Stadium,,,Open
2868,Delta Dental Stadium,42.98115,-71.46653,Open
4891,Point Stadium,,,Open
2837,IBEW 24 Union Field at Ripken Stadium,39.5316851,-76.1855591,Open
7163,St. Marys OH (Unknown),,,Open
4815,Fiscalini Field,,,Open
4951,Winnipeg Stadium,,,Open
4861,Meadowbrook Park,,,Open
6299,Municipal Athletic Field,,,Open
6849,West End Park,,,Open
4765,Athletic Park,,,Open
21,Astrodome,,,Dome
6955,Dexter Park,,,Open
7207,North Bethlehem PA (Unknown),,,Open
3110,League Park (1904-10),,,Open
5000,CACTI Park of the Palm Beaches,26.75475,-80.11316,Open
6360,Monaca High School,,,Open
3033,Estadio Br. Julio Hernandez Molina,,,Open
3159,League Park (1901-09),,,Open
7092,Lippincott Park,,,Open
3389,Dickey-Stephens Park,34.75513,-92.2725899,Open
2813,Trustmark Park,32.274168,-90.147519,Open
4797,Danville Stadium,,,Open
3832,AL Stadium,,,Open
2841,Sam Lynn Ballpark,,,Open
7201,Passon Field,,,Open
2818,Nelson Wolff Stadium,29.40978,-98.60189,Open
5295,The Battery Atlanta,,,Open
4854,Legion Stadium,,,Open
6450,Island Park,,,Open
7007,Andrews Field,,,Open
7168,Sparta IL (Unknown),,,Open
30,Busch Stadium I,,,Open
4836,Honolulu Stadium,,,Open
4868,Mission Stadium,,,Open
2800,Lawrence-Dumont Stadium,,,Open
4749,Senior High Stadium,,,Open
6169,West Baden Ball Park,,,Open
7017,Downtown Park,,,Open
5198,Tarrant County Convention Center,,,Dome
4629,Sloan Park,33.43081,-111.882,Open
6607,Battle Creek MI (Unknown),,,Open
7199,Pennsylvania Railroad Park,,,Open
2640,Chukchansi Park,36.73256,-119.79157,Open
7382,Shipley Field at Bob 'Turtle' Smith Stadium,,,
7383,Alex Box Stadium  Skip Bertman Field,,,
7384,Jim Patterson Stadium,,,
7385,Tointon Family Stadium,,,
7386,Hoglund Ballpark,,,
6605,R. M. I Park,,,Open
7387,Don Sanders Field at Darryl & Lori Schroeder Park,,,
6691,Chahinkapa Park,,,Open
7388,Bart Kaufman Field,,,
7389,Foley Field,,,
7390,Mac Nease Baseball Park at Russ Chandler Stadium,,,
7391,Mike Martin Field at Dick Howser Stadium,,,
6348,West Field,,,Open
6198,Sycamore Ball Park,,,Open
6371,Metropolis Field,,,Open
7381,Alex Rodriguez Park at Mark Light Field,,,
6241,Scottdale PA (Unknown),,,Open
7056,Clarksburg WV (Unknown),,,Open
7054,Brookside Park,,,Open
6597,Sprague Field,,,Open
4831,Henley Field,,,Open
5066,PNC Arena,,,Dome
6805,Harrison Field,40.739723,40.739723,Open
4767,Baseball City Stadium,,,Open
5165,MGM Grand Garden Arena,,,Dome
6559,Seaboard Park,,,Open
5485,Regency Athletic Complex,,,Open
5171,Scandinavium,,,Dome
6467,Lamar Park,,,Open
2819,New Britain Stadium,,,Open
7158,Stein's Park,,,Open
7144,Unknown NJ (Unknown),,,Open
4725,Browning-Leonard Park,,,Open
6105,Cincinnati Reds DR Complex,,,Open
2949,Estadio Cruz Azul Nelson Barrera Romellón,,,Open
7140,Fair Park Stadium,,,Open
4898,Queens Park Stadium,,,Open
4843,Knoxville Municipal Stadium,,,Open
3148,South Side Park ,,,Open
2861,Whataburger Field,27.80995,-97.39941,Open
3029,Estadio Universitario,,,Open
6108,Chicago White Sox DR Complex,,,Open
5251,Blue Cross Arena,,,Dome
7112,J & J Dobson Field,,,Open
2796,L.P. Frans Stadium,35.747289,-81.3778848,Open
2771,Neuroscience Group Field,44.282871,-88.469427,Open
6314,Jamaica Oval,,,Open
6727,Asbury Park High School,,,Open
5265,Valley View Casino Center,,,Dome
2766,Day Air Ballpark,39.764172,-84.185896,Open
6541,Katy Park,,,Open
5164,Meridian Centre,,,Dome
3552,Fuessenich Park,,,Open
6349,Matanzas CU (Unknown),,,Open
7161,Stars Park,,,Open
6755,McNulty Park,,,Open
6134,Fifth Third Park,34.9449402,-81.9359415,Open
2954,Estadio 20 de Noviembre,,,
4753,Texas League Park,,,Open
5300,David L. Lawrence Convention Center,,,Dome
4720,Artillery Park,,,Open
6104,Detroit Tigers DR Complex,,,Open
5010,Fort Bragg Field,,,Open
4050,Minges-Overton Baseball Complex,,,Open
6073,Clem Spillane Field,,,Open
4069,Daniel Canonico Stadium,,,Open
6960,Dwight Park,,,Open
2775,Gene Autry Park,,,Open
2503,Cashman Field,,,Open
3311,Maehara Baseball Stadium ,,,Open
6200,Sunbury PA (Unknown),,,Open
6079,Stony Brook Field,,,Open
2508,Ed Smith Stadium,27.34795,-82.5174,Open
4947,Welland Sports Stadium,,,Open
6123,MB Baseball Academy,,,Open
6529,Rollins Field,,,Open
7204,Palace Park,,,Open
7396,Jack Coombs Field,,,
7397,UC Baseball Stadium,,,
7398,Doug Kingsmore Stadium,,,
7399,Evan Diamond at Stu Gordon Stadium,,,
3270,Sportek Baseball Field,,,Open
6217,White City Park,,,Open
4735,John Affleck Park,,,Open
7066,3rd & Erie St Grounds,,,Open
5215,San Diego Sports Arena,,,Dome
5220,Minneapolis Auditorium,,,Dome
7216,Ohio State League Park,,,Open
3271,Yarkon Sports Complex,,,Open
7024,City Stadium,,,Open
6801,Hopewell Park,,,Open
5229,Wharton Fieldhouse,,,Dome
6398,Leeds AL (Unknown),,,Open
6851,Wildwood NJ (Unknown),,,Open
5216,Hofheinz Pavilion,,,Dome
5232,Alexander Coliseum,,,Dome
6941,Offutt Field,,,Open
6940,Northwestern Park,,,Open
4724,Bob Hoffman Stadium,,,Open
6756,Matthewson Park,,,Open
6938,Osawatomie KS (Unknown),,,Open
5235,Island Garden,,,Dome
5234,Long Island Arena,,,Dome
5226,State Fair Coliseum,,,Dome
4734,Jennings Stadium,,,Open
5237,Izod Center,,,Dome
4730,Dobyns-Bennett High School,,,Open
7009,Athletic Park,,,Open
7400,George C. Page Stadium,,,
7401,Great Park,,,
7402,Young Memorial Field,,,
7403,Torii Hunter Baseball Complex,,,
7404,FAU Baseball Stadium,,,
5197,Dallas Memorial Auditorium,,,Dome
4760,All-Sports Stadium,,,Open
4740,Marion High School,,,Open
4761,Alumni Field,,,Open
4745,Paul G. Fyffe Field,,,Open
5192,Edgerton Park Arena,,,Dome
6752,Moody Stadium,,,Open
5194,Cincinnati Gardens,,,Dome
4748,Scranton Stadium,,,Open
4741,Max Hess Stadium,,,Open
3016,Hans L'Orange Field,,,Open
6562,Trainer Field,,,Open
6895,Shetzline Park,,,Open
4743,McNearney Stadium,,,Open
6293,Ryle Park,,,Open
5208,War Memorial Coliseum,,,Dome
6896,Shelbyville IN (Unknown),,,Open
454,Default AST (G),,,
2782,Nymeo Field,,,Open
3970,Huntington Park,39.96868,-83.01102,Open
426,Default Central (G),,,
441,Default Central European (G),,,
456,Default CST (G),,,
5039,KeyBank Center,,,Dome
5045,Heinz Field,,,Open
6776,Legion Stadium,,,Open
5285,Jim Perry Stadium,,,Open
5480,CaroMont Health Park,,,Open
5095,Vivint Smart Home Arena,,,Dome
5376,North Harbour Stadium,,,Open
5092,United Center,,,Dome
5435,IMG Academy,,,Open
6344,Maxwell Park,,,Open
6593,Boone County Fair Grounds,,,Open
5133,Ottawa Civic Center,,,Dome
6415,Shelley Park,,,Open
6592,Edgar Thompson Park,,,Open
5107,Boston Arena,,,Dome
5137,St. Louis Arena,,,Dome
5105,Winnipeg Arena,,,Dome
4977,Giants Baseball Complex,,,Open
5127,Montreal Forum,,,Dome
5113,Greensboro Coliseum,,,Dome
5112,XL Center,,,Dome
5118,Met Center,,,Dome
5057,Moda Center,,,Dome
2856,Clover Park,27.3249268,-80.4068854,Open
2839,Russell E. Diethrick Jr. Park,,,Open
6803,Hill Park,,,Open
5206,Denver Arena Auditorium,,,Dome
4733,Island Field,,,Open
3118,Columbia Park,,,Open
5128,Kemper Arena,,,Dome
2514,Osceola County Stadium,,,Open
2844,Principal Park,41.57998,-93.61619,Open
6603,House of David Park,,,Open
4866,Miles Field,,,Open
6249,Exhibition Park,,,Open
5100,Rogers Place,,,Dome
2741,Capital City Stadium,,,Open
5176,The O2 Arena,,,Dome
4489,Palm Meadows Baseball Facility,,,Open
6170,Memorial Stadium,,,Open
5262,Tucson Convention Center,,,Dome
6113,Arizona D-backs DR Complex,,,Open
4772,Borleske Stadium,,,Open
4920,Smith-Wills Stadium,,,Open
3149,Sportsman's Park (1902-08),,,Open
6659,Delano Hitch Stadium,,,Open
6363,Johnson Park,,,Open
7072,Bigelow Field,,,Open
7108,Lakeview Ballpark,,,Open
7152,Taylor Field,,,Open
6022,CACTI Park of the Palm Beaches Complex (WSH),,,Open
7191,Pirates Park,,,Open
6081,Estadio de Beisbol Víctor Cervera Pacheco,,,Open
5510,Sonny Pittaro Field,,,Open
6161,Harlan & Hollingsworth Grounds,,,Open
4129,Homestead Sports Complex,,,Open
2770,Lew Wolff Training Complex,,,Open
2727,Counter Clocks Field,,,Open
6130,Bristol Motor Speedway,31.5156,-82.5269,Open
5425,Fredericksburg Baseball Stadium,38.30318,-77.46054,Open
5340,Estadio Alfredo Harp Helu,,,Open
6840,West Side Park,,,Open
6794,Inlet Park II,,,Open
7148,West End Grounds,,,Open
5472,CHS Field,44.95089651,-93.08457526,Open
6514,Westwood Field,,,Open
5415,Hodgetown,35.2050189,-101.8339567,Open
5390,Foxwoods Winter Weekend,41.4456,-72.0182,Indoor
5440,Campbell's Field,,,Open
5444,The Ballpark at Harbor Yard,,,Open
5385,Hiroshima Municipal Stadium,34.4,132.45,Open
5350,Maestri Stadium,,,Open
5473,Dedeaux Field,,,Open
6710,Barnesboro PA (Unknown),,,Open
5380,CoolToday Park,27.04422,-82.23593,Open
7169,Slidell LA (Unknown),,,Open
5422,WellSpan Park,,,Open
5115,Chicago Stadium,,,Dome
4887,Pelican Stadium,,,Open
2803,City Stadium,37.3930099,-79.1661,Open
5038,FedEx Forum,,,Dome
5233,Teaneck Armory,,,Dome
7202,Osborne Stadium,,,Open
2681,Citizens Bank Park,39.90539086,-75.16716957,Open
4791,College of Staten Island Baseball Complex,,,Open
6095,San Diego Padres DR Complex,,,Open
5020,Amway Center,,,Dome
4838,Hughes Stadium,,,Open
7071,Biddle Field,,,Open
6243,Mohawk Park,,,Open
6816,Giants Park II,,,Open
4827,Hartwell Field,,,Open
6035,Laney College Baseball Stadium,,,Open
2808,McCoy Stadium,,,Open
3157,Fairview Park,,,Open
7188,Philadelphia PA (Unknown),,,Open
6094,Athletics DR Complex,,,Open
6126,Salt River Fields Complex (COL),,,Open
2789,Joe W. Davis Municipal Stadium,,,Open
7153,Tate Field,41.459711,41.459711,Open
3144,Sick's Stadium,,,Open
6841,Washington Park III,40.675411,40.675411,Open
3121,Ebbets Field,,,Open
7060,Barnett Field,,,Open
2392,Daikin Park,29.756967,-95.355509,Retractable
6442,Memorial Park,,,Open
5126,Mount Royal Arena,,,Dome
4727,Clark Field,,,Open
6969,Colcord Park,,,Open
2815,Excite Ballpark,37.32128,-121.862286,Open
6649,East High School Field,,,Open
4829,Heaton Stadium,,,Open
6341,New Egypt NJ (Unknown),,,Open
5525,ABC Supply Stadium,42.496763,-89.0429539,Open
3170,Wiedenmeyer's Park,,,Open
3141,Robison Field,,,Open
5131,Nassau Veterans Memorial Coliseum,,,Dome
4880,Parker Field,,,Open
6948,Norbeck Park,,,Open
4847,Lane Field,,,Open
2823,NBT Bank Stadium,43.079531,-76.165419,Open
6515,Dayton OH (Unknown),,,Open
2812,Mike Lansing Field,,,Open
5111,Stampede Corral,,,Dome
6142,Municipal Stadium,,,Open
6114,Tempe Diablo Stadium Complex,,,Open
2507,Hohokam Stadium,33.43831,-111.82973,Open
3162,Neil Park (1902-03),,,Open
2700,BayCare Ballpark,27.97159,-82.731714,Open
6090,Texas Rangers DR Complex,,,Open
6298,Palatka FL (Unknown),,,Open
4807,Edmonds Field,,,Open
4783,Cardinal Field,,,Open
11,The Kingdome,,,Dome
3134,Memorial Stadium,,,Open
4915,Silver Stadium,,,Open
5315,Max Bishop Stadium,,,Open
7206,Olympic Field,,,Open
4723,Bill Wigle Field,,,Open
5122,Long Beach Arena,,,Dome
3127,Hilltop Park,,,Open
2735,Journey Bank Ballpark,41.2419845,-77.0475104,Open
6133,Taipei Dome,,,Dome
5259,Ricoh Coliseum,,,Dome
2854,Morongo Field,34.102721,-117.54792,Open
5180,Yubileyny Sports Palace,,,Dome
3312,Target Field,44.981829,-93.277891,Open
6100,Miami Marlins DR Complex,,,Open
5017,Amalie Arena,,,Dome
4924,Stade Municipal de Quebec,,,Open
3549,Alumni Field,,,Open
5132,Madison Square Garden (III),,,Dome
6914,Port Richmond,,,Open
5075,Scotiabank Saddledome,,,Dome
4930,The Ballpark,,,Open
4754,Tullar Field,,,Open
6490,Elmer NJ (Unknown),,,Open
5418,TD Bank Ballpark,40.56081907,-74.55328462,Open
2752,Damaschke Field,,,Open
5199,HemisFair Arena,,,Dome
5421,Constellation Field,29.62275645,-95.64718344,Open
4904,Toro Stadium,,,Open
4840,John Ducey Park,,,Open
6609,Black Sox Ball Park,,,Open
6296,Rodeo Grounds,,,Open
6076,Whitehouse Field,,,Open
6839,Y. M. C. A. Field,,,Open
2794,Kindrick Legion Field,,,Open
3749,Estadio Yldefonso Sola Morales,,,Open
7052,Chicago Heights IL (Unknown),,,Open
6305,Bradner Stadium,,,Open
5442,Riverfront Stadium,,,Open
4935,Tingley Field,,,Open
2831,Pohlman Field,,,Open
6447,Almendares Park II,,,Open
2512,UPMC Park,42.12706,-80.0803,Open
4955,Municipal Stadium,,,Open
7030,Boulevard Field,,,Open
4732,Durkee Field,,,Open
5179,Videotron Centre,,,Dome
6103,Kansas City Royals DR Complex,,,Open
2748,Dehler Park,,,Open
6493,Federal Park,,,Open
4948,West Palm Beach Municipal Stadium,,,Open
5210,Cobo Arena,,,Dome
6399,Lake Charles LA (Unknown),,,Open
5461,Taoyuan International Stadium,,,Open
3554,J.P. Riddle Stadium,,,Open
6847,West Side Park,,,Open
6300,Holland Field,,,Open
5474,Legacy Field at Prasco Park,,,Open
6965,Cove Field,,,Open
7162,Stadium Park,,,Open
3057,Estadio Julian Javier,,,Open
5225,Amway Arena,,,Dome
4012,Prince George Citizen Field,,,Open
2838,Rosenblatt Stadium,,,Open
6966,Cottage Hill Park,,,Open
6125,Surprise Stadium Complex (KC),,,Open
6598,Bismarck Baseball Park,,,Open
3049,Estadio Quisqueya Juan Marichal,,,Open
7012,American Bridge Field,,,Open
4914,Serge B. Simmons Field,,,Open
4705,Truist Park,33.890672,-84.467641,Open
7033,Cassopolis MI (Unknown),,,Open
3054,Estadio Tetelo Vargas,,,Open
2762,Everett Memorial Stadium,47.966664,-122.202786,Open
5054,Madison Square Garden,,,Dome
3140,Polo Grounds IV,,,Open
2511,Publix Field at Joker Marchant Stadium,28.074822,-81.9508415,Open
6449,Turner Field,,,Open
3142,Seals Stadium,,,Open
6789,Keller Field,,,Open
2516,The Diamond,33.654183,-117.3010675,Open
5264,UW-Milwaukee Panther Arena,,,Dome
2747,Pelicans Ballpark,33.711404,-78.88444,Open
6459,Guy Smith Stadium,,,Open
2734,Bowen Field,,,Open
2834,Ray Winder Field,,,Open
5161,Investors Group Field,,,Open
4742,McConnell Field,,,Open
6647,Eastside Park,,,Open
3143,Shibe Park,,,Open
4875,Nicollet Park,,,Open
23,Milwaukee County Stadium,,,Open
2765,LMCU Ballpark,43.040797,-85.65933,Open
2531,Desert Sun Stadium,,,Open
4410,Merlin Street Oval,,,Open
4309,JetBlue Park,26.55092,-81.76225,Open
6304,Pepperell Park ,,,Open
4995,Estadio de los Tomateros,,,Open
4800,Disch Field,,,Open
6499,Wiregrass Stadium,,,Open
6516,Milan Ball Park,,,Open
4011,Meiji Jingu Stadium,,,Open
4801,Donovan Stadium,,,Open
3128,Huntington Avenue Grounds,,,Open
2860,Watt Powell Park,,,Open
4722,Bay Street Ball Grounds,,,Open
5223,KeyArena at Seattle Center,,,Dome
6491,Elizabeth NJ (Unknown),,,Open
4751,Stumpf Field,,,Open
4510,Estadio Fernando Valenzuela,,,Open
6961,Dyckman Oval,,,Open
7101,League Park II,,,Open
3751,Estadio Francisco Paquito Montaner,,,Open
3055,Estadio Francisco Micheli,,,Open
7197,Panther Park,,,Open
5224,Tacoma Dome,,,Dome
3169,West Side Park,,,Open
2732,Blair County Ballpark,,,Open
3669,Botchan Stadium,,,Open
6725,Athletic Park,,,Open
6149,Martin-Parry Field,,,Open
6697,Broadway and Everett Street Park,,,Open
7004,Amphitheater,,,Open
7055,Crump Park,,,Open
4010,Tsuruoka Dream Stadium,,,Open
6401,Lebanon Field,,,Open
6561,Felton Field,,,Open
6550,Chicago IL (Unknown),,,Open
7003,Athletic Park,,,Open
2955,Parque Centenario 27 de Febrero,,,Open
6115,Sloan Park Complex,,,Open
7196,Penns Grove NJ (Unknown),,,Open
4828,Hawkins Stadium,,,Open
2773,ESL Ballpark,43.158301,-77.619748,Open
6248,Municipal Stadium,,,Open
6949,Norfolk Athletic Park,,,Open
6071,Lowell Park,,,Open
3769,Parque Deportivo Colon,,,Open
4913,Sec Taylor Stadium,,,Open
3166,Rocky Point Park,,,Open
6109,Chicago Cubs DR Complex,,,Open
5168,PPL Center,,,Dome
4889,Pete Vonachen Stadium,,,Open
6006,Billy Hebert Field,,,Open
6888,Scott Field,,,Open
7198,Parkersburg WV (Unknown),,,Open
4860,McDonough Park,,,Open
7136,Fairbury IL (Unknown),,,Open
2535,Hiram Bithorn Stadium,18.41666,-66.072817,Open
7173,Ridgewood Grounds,40.694886,40.694886,Open
6190,Dunn Field,,,Open
4878,Oiler Park,,,Open
4739,League Park,,,Open
2545,Christensen Stadium,,,Open
5420,Clipper Magazine Stadium,,,Open
4842,Kiwanis Field,,,Open
6167,Island Park,40.063386,40.063386,Open
3230,Coca-Cola Park,40.6253183,-75.4516154,Open
5471,Boomers Stadium,,,Open
7,Kauffman Stadium,39.051567,-94.480483,Open
7125,Garfield Park,,,Open
7102,League Park II,,,Open
2763,Falcon Park,,,Open
6968,Community Park,,,Open
5531,Kobe Sports Park Baseball Stadium,,,Open
5139,Thunderdome,,,Dome
3109,League Park (1901-03),,,Open
6412,Athletic Field,,,Open
2761,Wake Forest Baseball Park,,,Open
5252,BMO Harris Bank Center,,,Dome
6954,DeKalb IL (Unknown),,,Open
7154,Sunset Park,,,Open
7119,Gunther Park,,,Open
4952,Witter Field,,,Open
2754,Jackie Robinson Training Complex,,,Open
4469,Alamodome,,,Dome
6462,Sportsman's Park,,,Open
18,Cinergy Field,,,Open
6135,The Ballpark at America First Square,40.549066970052124,-112.02301999999999,Open
4928,Swayne Field,,,Open
4881,Parker Field,,,Open
2825,Home of the OWLZ,,,Open
6959,Eagle Ball Park,,,Open
6204,Kulage's Park,,,Open
5046,Honda Center,,,Dome
5222,Pyramid Arena,,,Dome
5256,H-E-B Center at Cedar Park,,,Dome
2866,ShoreTown Ballpark,40.07495,-74.18846,Open
3834,Goodyear Ballpark,33.42892,-112.39027,Open
5158,Essar Centre,,,Dome
4509,Johnson Stadium at Doubleday Field,,,Open
6749,Municipal Stadium,,,Open
6136,Covenant Health Park,35.97248459516771,-83.91495041686319,Open
3069,Estadio Francisco Carranza Limon,,,Open
6759,Memphis TN (Unknown),,,Open
6643,Elberton GA (Unknown),,,Open
5018,American Airlines Arena,,,Dome
7133,Foster Park,,,Open
3290,Melching Field,,,Open
5185,Budweiser Gardens,,,Dome
6118,Camelback Ranch Complex (LAD),,,Open
4939,Veterans Field,,,Open
5219,Market Square Arena,,,Dome
6498,Dover DE (Unknown),,,Open
6806,Handlan's Park,38.633589,38.633589,Open
4768,Beehive Field,,,Open
4776,Buffalo Stadium,,,Open
5163,Lakeview Arena,,,Dome
2517,Holman Stadium,,,Open
6019,Academia de Beisbol de Los Astros de Houston,18.32151,-69.44116,Open
6007,Angel Toledo Meza,,,Open
7114,Ideal Park,,,Open
4763,Anderson Memorial Stadium,,,Open
4858,Maple Leaf Stadium,,,Open
4569,Bobby Mattick Complex,,,Open
2863,Yakima County Stadium,,,Open
5191,Memorial Coliseum,,,Dome
5207,North Side High School,,,Dome
6942,Olemar Field,,,Open
5178,T-Mobile Arena,,,Dome
3269,Gezer Field,,,Open
2864,Yankee Complex,,,Open
4169,loanDepot park,25.77796236,-80.21951795,Retractable
5202,International Amphitheatre,,,Dome
2822,Jackson Field,42.73465,-84.5455999,Open
5465,Morse Stadium,,,Open
4814,Finch Field,,,Open
4910,Salinas Municipal Stadium,,,Open
3070,Hector Espino,,,Open
6741,National Park,,,Open
3969,Estadio Nuevo Laredo,,,Open
5177,The Q Centre,,,Dome
2847,Skylands Park,,,Open
4270,Generic VST,,,Open
5085,TD Garden,,,Dome
7080,Neptune City Ballfield,,,Open
4787,Civic Stadium,,,Open
7215,Kingsbury Park,,,Open
5034,PPG Paints Arena,,,Dome
6692,Chadwick IL (Unknown),,,Open
6025,HAWKS Baseball Park Chikugo,33.10499,130.29246,Open
4149,ONEOK Field,36.1601215,-95.9888782,Open
5089,Toyota Center,,,Dome
2746,Civic Stadium,,,Open
3124,Exposition Park,,,Open
6857,Tumbling Dam Park,,,Open
5416,Regency Furniture Stadium,,,Open
6448,Hattiesburg MI (Unknown),,,Open
2755,Riders Field,33.0984,-96.8197,Open
6078,Veterans Field,,,Open
5043,Gila River Arena,,,Dome
4826,Peninsula War Memorial Stadium,,,Open
6956,Dodger Stadium,,,Open
5193,Rochester Community War Mem,,,Dome
4796,Cranberry Ballpark,,,Open
4611,Viticon Stadium,,,Open
2722,Route 66 Stadium,37.21078,-93.2797,Open
5375,Geelong Baseball Centre,,,Open
6397,LaSalle IL (Unknown),,,Open
3689,Telus Field,,,Open
6011,Academia de Beisbol de los Metros de Nueva York (1),18.46714643,-69.5836747,Open
4934,Tim McCarver Stadium,,,Open
5495,Estadio Pedro Montanez,,,Open
4785,Coastal Carolina College Stadium,,,Open
6441,Hamtramck Stadium,,,Open
7155,Summers Field,,,Open
3449,English Field,37.2178,-80.4233,Open
3349,Estadio Nueva Esparta,,,Open
3558,USA Baseball National Training Complex,35.7974,-78.8924,Open
2737,C.O. Brown Stadium,,,Open
6547,Cermak Park,,,Open
6013,Academia de Beisbol de los Metros de Nueva York (2),18.4667555,-69.58367979,Open
4841,John Petrakis Field,,,Open
4029,Goodwin Field,,,Open
6791,Jonesboro AR (Unknown),,,Open
6947,Newton Ball Park,,,Open
6023,Chicago Cubs Baseball Operations Dominicana LLC,,,Open
5441,Cooper Park,,,Open
4885,Paul Eames Sports Complex,,,Open
3147,South End Grounds,,,Open
6410,Kenosha WI (Unknown),,,Open
4089,Truist Stadium,36.09182,-80.25527,Open
7096,Lewis Park,,,Open
2820,Mirabito Stadium,42.1031199,-75.90379,Open
3116,Cleveland Municipal Stadium,,,Open
2520,Roger Dean Chevrolet Stadium,26.890957,-80.116365,Open
7176,Riverside Park,,,Open
7143,Victory Field I,,,Open
4953,World War Memorial Stadium,,,Open
3,Fenway Park,42.346456,-71.097441,Open
6661,Covington Ball Park,,,Open
5205,Coliseum at Richfield,,,Dome
4946,Waters Field,,,Open
2523,George M. Steinbrenner Field,27.97997,-82.50702,Open
5355,Las Vegas Ballpark,36.152607,-115.329888,Open
6551,Red Sox Park,,,Open
6820,Great Lakes Naval Training Center,,,Open
4877,Offermann Stadium,,,Open
7147,Whitney Street Park,,,Open
6861,Texas League Park,,,Open
4823,Goodland Field,,,Open
2809,McDermott Field,,,Open
2768,Momentum Bank Ballpark,31.98835,-102.15482,Open
5076,Scottrade Center,,,Dome
6739,Municipal Stadium,,,Open
6750,Municipal Stadium,,,Open
7151,Texas League Park,,,Open
6698,Bronx Oval,,,Open
4721,Athletic Park,,,Open
7156,Stockyards Park,,,Open
6122,Paulino Baseball Academy,,,Open
4859,Marinelli Field,,,Open
6347,McCulloch Park,,,Open
1,Angel Stadium,33.80019044,-117.8823996,Open
7041,Auburn Park,,,Open
5400,SEGRA Stadium,35.054357,-78.8851444,Open
7063,Beloit WI (Unknown),,,Open
6545,St. Michael's Park,,,Open
4900,Recreation Park,,,Open
3071,General Angel Flores,,,Open
6494,Carson Park,,,Open
7059,Benjamin Russell Field,,,Open
7086,Loughlin Oval,,,Open
6726,Athletic Field,,,Open
7117,Hilldale Park,,,Open
2536,TD Ballpark,27.9745812,-82.7913301,Open
4271,Werner Park,41.1510945,-96.1057988,Open
19,Coors Field,39.756042,-104.994136,Open
2802,Lindquist Field,,,Open
4529,Regions Field,33.5077928,-86.8120366,Open
6261,Polo IL (Unknown),,,Open
5263,Utica Memorial Auditorium,,,Dome
3249,Buck O'Neil Complex,,,Open
4799,Derks Field,,,Open
5029,BMO Harris Bradley Center,,,Dome
3156,Burns Park,,,Open
24,Olympic Stadium,45.558,-73.552,Dome
29,3Com Park at Candlestick Point,,,Open
4738,Lawrence Stadium,,,Open
3165,Ramona Park,,,Open
6558,Athletic Field,,,Open
4747,Schepps Palm Field,,,Open
7037,Booker T. Washington High School,,,Open
4670,Truist Field,35.22781,-80.84823,Open
5325,Globe Life Field,32.747299,-97.081818,Retractable
5086,The Palace at Auburn Hills,,,Dome
2758,Dwyer Stadium,,,Open
4774,Bringhurst Field,,,Open
3076,Estadio Nido de los Aguilas,,,Open
4850,Larry H. Miller Field,,,Open
5475,T-Bones Stadium,,,Open
4899,Quigley Stadium,,,Open
2842,Trenton Thunder Ballpark,,,Open
2909,Progress Energy Park,,,Open
5078,Smoothie King Center,,,Dome
7187,Red Cap Stadium,,,Open
6116,Surprise Stadium Complex (TEX),,,Open
5231,Kiel Auditorium,,,Dome
4728,Clyde Allen Field,,,Open
6290,Willard Park,,,Open
6853,Wilmington Park,,,Open
3752,Estadio Luis Rodriguez Olmo ,,,Open
7175,Riverside Park,,,Open
6690,Celoron Park,,,Open
2731,Banner Island Ballpark,37.954863,-121.297357,Open
4214,RNA Showgrounds,,,Open
5033,Chesapeake Energy Arena,,,Dome
6889,School Stadium,,,Open
12,Tropicana Field,27.767778,-82.6525,Dome
3429,Fluor Field at the West End,34.84297,-82.40893,Open
6500,Dequindre Park,,,Open
6021,Philadelphia Phillies DR Complex,,,Open
7094,Liberty Park,,,Open
5120,Detroit Olympia,,,Dome
2620,Regions Park,,,Open
6645,Edgewood Park,,,Open
4888,Pete Beiden Field,,,Open
2799,The Hangar,,,Open
6700,Butler Field,,,Open
6590,Brandon MB (Unknown),,,Open
3991,Taichung Intercontinental Baseball Stadium,24.1995,120.6842,Open
4211,Melbourne Ballpark,,,Open
4918,Sims Legion Park,,,Open
5084,Target Center,,,Dome
2783,Herschel Greer Stadium,,,Open
7093,Long Branch Resort Baseball Park,,,Open
6390,Travelers Field,,,Open
5015,Air Canada Centre,,,Dome
6129,Goodyear Ballpark Complex (CIN),,,Open
2811,Memorial Stadium,,,Open
4770,Bethel Park,,,Open
4835,Holt-Moffit Field,,,Open
7095,Lexington Park,,,Open
2816,Municipal Stadium,,,Open
6644,Egyptian Field,,,Open
4884,Paterson Field,,,Open
5155,BMO Field,,,Open
6542,Kanawha Park,,,Open
25,Shea Stadium,,,Open
6913,Polo Park,,,Open
5062,Oakland-Alameda County Coliseum Arena,,,Dome
6591,Bogalusa LA (Unknown),,,Open
3113,Baker Bowl,,,Open
6164,Martin-Perry Field,,,Open
7141,Washington Park,,,Open
2814,DABOS Park,32.382298,-86.310592,Open
6362,R & P Field,,,Open
7073,Bigler Field,,,Open
4906,Royal Athletic Park,,,Open
5106,America West Arena,,,Dome
2801,Centene Stadium at Legion Park,,,Open
7200,Pennsy Field,,,Open
5174,Tate Rink,,,Dome
6543,Charleroi Baseball Park,,,Open
2753,Boyce Cox Field,,,Open
3309,Nationals Park,38.872861,-77.007501,Open
4729,Devereaux Meadow,,,Open
4786,City Park Stadium,,,Open
5335,Estadio Evaristo 'Varo' Roldan,,,Open
6191,Maple Leaf Stadium ,,,Open
2956,Estadio de la Revolucion,,,Open
4773,Bosse Field,,,Open
6098,Minnesota Twins DR Complex,,,Open
3909,Estadio Adolfo Lopez Mateos,,,Open
4771,Borchert Field,,,Open
6610,Bugle Field,,,Open
6301,Orange Playground,,,Open
4789,Cobb Field,,,Open
4902,Riverfront Stadium,,,Open
6793,Johnston Field,,,Open
7013,American Legion Field,,,Open
5277,College Park Center,,,Dome
3139,Polo Grounds III,,,Open
2738,7 17 Credit Union Field at Eastwood,,,Open
2826,Gesa Stadium,46.27032,-119.17079,Open
5230,MECCA Arena,,,Dome
4862,Meinen Stadium,,,Open
4856,Luther Williams Field,,,Open
4189,Tianmu Baseball Stadium,,,Open
4764,Angels Stadium,,,Open
3133,Los Angeles Memorial Coliseum,,,Open
6519,Municipal Stadium,,,Open
6701,Burlington WI (Unknown),,,Open
5217,Compaq Center,,,Dome
3210,Estadio Chihuahua,,,Open
3889,Enrique 'Trapo' Torrebiarte Stadium,,,Open
2725,NelsonCorp Field,,,Open
7135,Fans Field,,,Open
4927,Louisiana SuperDome,,,Dome
3112,Atlanta-Fulton County Stadium,,,Open
5022,AT&T Center,,,Dome
4249,Salt River Fields at Talking Stick,33.54523,-111.88552,Open
6564,Henninger Field,,,Open
2723,First National Bank Field,36.07667,-79.79487,Open
4746,Robbins Park,,,Open
2769,FirstEnergy Stadium,40.365558,-75.933816,Open
4109,PK Park,44.059012,-123.065482,Open
7085,Marion IN (Unknown),,,Open
4839,Joe Martin Field,,,Open
5520,Virginia Credit Union Stadium,38.3181302,-77.5124029,Open
6641,Erasmus Field,,,Open
5203,Baltimore Civic Center,,,Dome
7193,Peters Park,,,Open
6259,Mayos Island Park,,,Open
6608,Bangor PA (Unknown),,,Open
2951,Estadio Yu'Va,,,Open
4820,Gill Stadium,,,Open
6092,Tampa Bay Rays DR Complex,,,Open
5255,Giant Center,,,Dome
5116,Colisee Pepsi,,,Dome
2852,Vystar Ballpark,30.32533,-81.64256,Open
6017,Brazell Field at GCU Ballpark,,,Open
2845,Dodd Stadium,,,Open
2865,Shrine on Airline,,,Open
2869,Estadio Hermanos Serdan,,,Open
5108,Boston Garden,,,Dome
7129,Forest Park,,,Open
4793,Community Park,,,Open
4941,Vince Genna Stadium,,,Open
6893,Shipbuilders Park,,,Open
3138,Palace of the Fans,,,Open
6096,New York Yankees DR Complex,,,Open
2529,Sutter Health Park,38.57994,-121.51246,Open
6651,Elizabethport NJ (Unknown),,,Open
4990,Estadio BBVA Bancomer,,,Open
2776,Synovus Park,32.4523727,-84.9939591,Open
3051,Estadio Cibao,,,Open
3164,Oriole Park,,,Open
428,Default Pacific (G),,,Open
5130,Continental Airlines Arena,,,Dome
2500,Tempe Diablo Stadium,33.40092,-111.9707,Open
7010,Alberta Park,,,Open
3129,Jarry Park,,,Open
6967,Coplay/Catasauqua PA (Unknown),,,Open
6838,Woodruff Field ,,,Open
4937,V.J. Keefe Memorial Field,,,Open
6627,Firestone Stadium,,,Open
2913,Estadio Jose Perez Colmenares,,,Open
6034,Glacier Bank Park,,,Open
4715,First Horizon Park,36.173218,-86.785171,Open
6209,Sportsman's Park III,38.657718,38.657718,Open
5109,Buffalo Memorial Auditorium,,,Dome
5031,Canadian Tire Centre,,,Dome
6194,Toms River NJ (Unknown),,,Open
5532,Seibu Dome,,,Dome
2784,TVA Credit Union Ballpark,,,Open
3729,FIU Baseball Stadium,,,Open
6080,Doran Park,,,Open
4589,Sydney Cricket Ground,,,Open
6086,CoolToday Park Complex,,,Open
7142,Walnut Street Park,,,Open
27,Three Rivers Stadium,,,Open
5121,Miami Arena,,,Dome
6818,Grand View Park,,,Open
4806,East Field,,,Open
6852,Wilson Municipal Park,,,Open
3168,Sportsman's Park (1909-66),,,Open
4713,Okinawa Cellular Stadium,,,Open
3670,Madonna Stadium,,,Open
6307,New York NY (Unknown),,,Open
4779,Burnett Field,,,Open
4051,Frazier Field,,,Open
5419,Fairfield Properties Ballpark,,,Open
5320,Estadio Domingo Santana TV4,,,Open
6944,Omaha Municipal Stadium,,,Open
4736,Johnson Field,,,Open
3555,Joe Wolfe Field,,,Open
6015,Monumental Simon Bolivar,37.4911,-5.9819,Open
7172,Roosevelt Stadium,,,Open
7214,Legion Field,,,Open
5143,Capital Centre,,,Dome
15,Chase Field,33.445302,-112.066687,Retractable
6297,Painesville OH (Unknown),,,Open
2953,Parque Francisco I. Madero,,,Open
5200,Municipal Auditorium,,,Dome
3470,Melaleuca Field,,,Open
7167,Speedway Park,,,Open
5213,Municipal Auditorium,,,Dome
2602,Great American Ball Park,39.097389,-84.506611,Open
4916,Simmons Field,,,Open
4970,Estadio de Beisbol 'Fray Nano',,,Open
5190,Charlotte Coliseum,,,Dome
5138,Expo Hall,,,Dome
6962,Community Park,,,Open
4816,Fleming Stadium,,,Open
3115,Braves Field,,,Open
6291,Minch Park,,,Open
4908,Russwood Park,,,Open
7011,Allentown Park,,,Open
7139,Fair Grounds Park,,,Open
2952,Estadio General Heriberto Jara Corona,,,
2533,Florida Power Park,,,Open
4949,Westgate Park,,,Open
6599,Bellevue Athletic Field,,,Open
6946,Newfield Park ,,,Open
2849,St. Lucie Sports Complex,,,Open
5533,Yokohama Stadium,,,Open
6257,Richmond VA (Unknown),,,Open
5254,Citizens Business Bank Arena,,,Dome
4864,Miami Stadium,,,Open
5136,Cow Palace,,,Dome
5258,Mohegan Sun Arena at Casey Plaza,,,Dome
6084,CACTI Park of the Palm Beaches Complex (HOU),,,Open
6074,Eldredge Park,,,Open
2730,Avista Stadium,47.661351,-117.344426,Open
2756,Sahlen Field,42.880772,-78.873955,Open
6951,New York Avenue Grounds,,,Open
3709,St. Albert Legion Park,,,Open
4911,Samuel W. Wolfson Park,,,Open
2764,Atrium Health Ballpark,35.4968555,-80.6282677,Open
7128,Ft. Atkinson (Unknown),,,Open
6160,Spudder Park,,,Open
6945,North End Park,,,Open
7062,Beaver Falls High School,,,Open
7203,Panhandle Park,,,Open
4744,Municipal Stadium,,,Open
6368,ARMCO Field,,,Open
7210,Polo Grounds V,,,Open
4757,Ainsworth Field,,,Open
6549,Normal Park,,,Open
6431,League Park,,,Open
3150,Washington Park ,,,Open
5195,Municipal Auditorium,,,Dome
5266,Van Andel Arena,,,Dome
5360,Sliwa Stadium,29.21081,-81.02283,Open
6124,Roger Dean Stadium Complex (STL),,,Open
6110,Baltimore Orioles DR Complex,,,Open
6409,Northeast Park,,,Open
4795,Corning Memorial Stadium,,,Open
3120,Crosley Field,,,Open
6746,Miller Stadium,,,Open
2853,The Diamond,37.571749,-77.463391,Open
5455,Toyota Field,34.6837403,-86.7274237,Open
7005,American Legion Park,,,Open
7100,League Park,,,Open
6400,Lancaster PA (Unknown),,,Open
5395,Vantelin Dome Nagoya,35.18147,136.90641,Dome
2682,AT&T Field,35.05449,-85.31384,Open
4896,Pynchon Stadium,,,Open
3833,NL Stadium,,,Open
6138,Estadio Jose Briceno,,,Open
6939,North Washington PA (Unknown),,,Open
2777,Grainger Stadium,35.27035945,-77.57396936,Open
4833,Hilltop Park,,,Open
5145,Little Caesars Arena,,,Dome
6963,Community Center Field,,,Open
20,Hard Rock Stadium,,,Retractable
6087,Ed Smith Stadium Complex,,,Open
4901,Riley Park,,,Open
6199,Terre Haute IN (Unknown),,,Open
6846,White Water Park,,,Open
6664,Davis Field,,,Open
5351,Wesley Barrow Stadium,,,Open
6897,Red Wing Stadium,,,Open
4209,NSR Hire Ballpark,,,Open
5140,Mutual Street Arena,,,Dome
5141,Maple Leafs Gardens,,,Dome
4857,MacArthur Stadium,,,Open
7121,Griffin GA (Unknown),,,Open
6694,Burlington NJ (Unknown),,,Open
2521,Knights Stadium,,,Open
4844,Labatt Park,,,Open
4794,Conrad Park,,,Open
2781,Harbor Park,36.84265,-76.27803,Open
4190,Chengcing Lake Baseball Stadium,,,Open
2542,AutoZone Park,35.14297,-90.04924,Open
5410,Polar Park,42.25606,-71.80028,Open
4824,Estadio Latinoamericano,,,Open
2791,John Thurman Field,37.622321,-121.000956,Open
2749,FNB Field,40.2568294,-76.8896522,Open
2843,Chickasaw Bricktown Ballpark,35.46511,-97.50762,Open
7252,Academia La Javilla,,,Open
3153,Wrigley Field,,,Open
14,Rogers Centre,43.64155,-79.38915,Retractable
4894,Potter County Memorial Stadium,,,Open
6085,JetBlue Park Complex,,,Open
2530,Peoria Stadium,33.63187,-112.23359,Open
6753,Monitor Park,40.786143,40.786143,Open
6340,PJ Flahrety Memorial Field,,,Open
10,Oakland Coliseum,37.751511,-122.200698,Open
5370,Texas Live!,,,Open
4778,Burlington Athletic Park,,,Open
6024,Yaguate Complex,,,Open
6111,Boston Red Sox DR Complex,,,Open
4855,Lexington Stadium,,,Open
7091,Logan Square Park,,,Open
4755,Withers Field,,,Open
5445,Field of Dreams,42.498241,-91.056486,Open
4803,Duncan Park,,,Open
6244,Scranton-Dunmore Stadium,,,Open
4893,Ponce de Leon Park,,,Open
6197,Memorial Stadium,,,Open
3073,Estadio Teodoro Mariscal,,,Open
4944,Warner Park,,,Open
2787,Jackie Robinson Ballpark,29.20922,-81.01596,Open
4812,Fans Field,,,Open
4870,Municipal Park,,,Open
2828,Eastman Credit Union Field,,,Open
5,Progressive Field,41.495861,-81.685255,Open
6804,High Rock Park,,,Open
3310,Francis Wong Stadium,,,Open
6008,Yakult Toda Baseball Field,35.82250454,139.6341542,Open
4821,Gilmore Field,,,Open
5257,MassMutual Center,,,Dome
4909,Sal Maglie Stadium,,,Open
6112,Atlanta Braves DR Complex,,,Open
5166,Mile One Centre,,,Dome
4813,Ferris Field,,,Open
6665,Cycler Park,,,Open
4759,Albuquerque Sports Stadium,,,Open
6842,Washington Park,,,Open
31,PNC Park,40.446904,-80.005753,Open
5530,Chiba Marine Stadium,,,Open
6457,Municipal Stadium,,,Open
13,Choctaw Stadium,32.751321,-97.082682,Open
5228,Arizona Veterans Memorial Coliseum,,,Dome
3137,Municipal Stadium,,,Open
4932,The Cocoa Expo,,,Open
4897,Q Stadium,,,Open
16,Turner Field,,,Open
5450,Equity Bank Park,37.6813367,-97.3475531,Open
5236,Rutgers Athletic Center,,,Dome
4931,The Ballpark at St. John's,,,Open
7104,Lakewood NJ (Unknown),,,Open
7087,Marienville PA (Unknown),,,Open
7251,Twin Lakes Park,,,Open
5058,Bell MTS Place,,,Dome
5470,Blair Field,,,Open
6162,South Side Park,,,Open
4943,War Memorial Stadium,,,Open
6745,Minnehaha Park,,,Open
2736,Burlington Athletic Stadium,,,Open
6309,Recreation Park III,,,Open
6667,Cramton Bowl,,,Open
6250,Mooers Park,,,Open
7205,North Topeka Ballpark,,,Open
5081,Staples Center,,,Dome
4549,Thomas Stadium,,,Open
9,Yankee Stadium I,,,Open
6392,Halloran Park,,,Open
6018,ES CON Field,42.5923,141.3258,Retractable
5142,Pacific Coliseum,,,Dome
4329,Blue Wahoos Stadium,30.4048409,-87.2188349,Open
2603,Surprise Stadium,33.62762,-112.37849,Open
7115,Hyde Park Stadium,,,Open
6973,Clarkin's Field,,,Open
4712,Sapporo Dome,,,Dome
7089,Luna Park,,,Open
4942,Vincent-Beck Stadium,,,Open
3512,Wukesong Baseball Stadium,,,Open
6594,Barons Park,,,Open
3651,Ostrava Field,,,Open
6308,Catholic Protectory Oval,,,Open
4784,Casey Field,,,Open
2836,SIUH Northwell Health Community Park,,,Open
7171,South Park,,,Open
6403,Artesian Park,,,Open
6082,Charlotte Sports Park Complex,,,Open
4798,DeLorimier Downs,,,Open
3629,Pim Mulier Stadium,,,Open
6075,McKeon Park,,,Open
4809,Euless Park,,,Open
7111,Holcomb Field,,,Open
2397,Tokyo Dome,35.7056,139.7519,Dome
4726,Chemeteka Community College,,,Open
2821,Dozer Park,40.68751,-89.59781,Open
5276,Mohegan Sun Arena,,,Dome
7006,Amusement Park,,,Open
5240,Estadio Luis A. Canena Marquez,,,Open
4819,Giants Field,,,Open
2750,Community Field,,,Open
2929,Estadio Alberto Romo Chavez,,,Open
2824,Papago Sports Complex,33.46819436,-111.9456163,Open
4851,Lawrence Park,,,Open
6443,Recreation Park,,,Open
6192,Trenton YMCA Field,,,Open
5218,Indiana State Fairgrounds Coliseum,,,Dome
3030,Estadio Alfonso Carrasquel,,,Open
7174,Ripley Park,,,Open
4711,Koshien Stadium,,,Open
401,TBD,,,Open
5212,Philadelphia Arena,,,Dome
4212,EPC Solar Ballpark,,,Open
3158,Jailhouse Flats,,,Open
5245,Estadio de los Yaquis,,,Open
4965,Wagener Field at Kendrick Family Ballpark,,,Open
2623,Hoover Metropolitan Stadium,,,Open
5214,San Francisco Civic Auditorium,,,Dome
6089,Washington Nationals DR Complex,,,Open
6143,Idora Park,,,Open
3117,Colt Stadium,,,Open
2817,Rogers Field at Nat Bailey Stadium,49.2431966,-123.1054384,Open
7028,Central Avenue Park,,,Open
6351,Athletic Park,,,Open
6141,Mark Park,,,Open
4669,Southwest University Park,31.759277,-106.492526,Open
2733,Peoples Natural Gas Field,40.473826,-78.394753,Open
6166,Lawrence Stadium,,,Open
6512,Ducks Park,,,Open
6513,Soldier's Home Park,,,Open
17,Wrigley Field,41.948171,-87.655503,Open
2683,Isotopes Park,35.06985,-106.62802,Open
2788,Northeast Community Credit Union Ballpark,,,Open
2745,Cheney Stadium,47.237981,-122.497643,Open
6454,Grant Town WV (Unknown),,,Open
2959,Parque de Beisbol Kukulcán,,,Open
7138,Fans Field,,,Open
7164,Sportsman Park,,,Open
3075,Estadio Manuel Ciclon Echeverria,,,Open
7190,Pittsburgh KS (Unknown),,,Open
2867,Municipal Stadium,,,Open
2,Oriole Park at Camden Yards,39.283787,-76.621689,Open
2751,Cooper Stadium,,,Open
6451,Harrisburg PA (Unknown),,,Open
6345,Sulphur Dell II,,,Open
6240,Island Park,,,Open
6353,Montgomery AL (Unknown),,,Open
4049,Doak Field at Dail Park,,,Open
6560,River Field,,,Open
3690,Seaman Stadium,,,Open
6106,Colorado Rockies DR Complex,,,Open
7195,Pencoyd Field,,,Open
4903,Riverside Sports Complex,,,Open
4289,Nachan Ka'an,,,Open
5290,Dicolor Australia Stadium,,,Open
5059,Nationwide Arena,,,Dome
3529,Duane Banks Field,,,Open
6072,Red Wilson Field,,,Open
2840,Carilion Clinic Field,37.2861162,-80.037161,Open
4895,Privateer Park,,,Open
6311,Hasson-Ramage Park,,,Open
7064,Bi State League Park,,,Open
5209,Olympic Stadium,,,Dome
7145,Union League Park,,,Open
22,UNIQLO Field at Dodger Stadium,34.07368,-118.24053,Open
3649,Mestsky Stadium,,,Open
6652,Delanco Athletic Assoc. Field,,,Open
2855,Tigertown Complex,,,Open
6705,Booster Park,,,Open
6860,Ward Field,,,Open
6342,New Brunswick High School,,,Open
6139,Mariana AR (Unknown),,,Open
2515,Baseball City Stadium,,,Open
2797,PNC Field,41.360672,-75.683676,Open
6953,Elks Park,,,Open
3032,Estadio Antonio Herrera Gutierrez,,,Open
6102,Los Angeles Angels DR Complex,,,Open
6911,Reading Grounds,,,Open
3131,League Park (1910-46),,,Open
5030,Bridgestone Arena,,,Dome
5270,Duke Energy Convention Center,,,Dome
7131,Freeport Stadium,,,Open
2806,Heritage Field,,,Open
4762,Alumni Field,,,Open
2792,Joseph L. Bruno Stadium,,,Open
7213,Rowland Field,,,Open
4921,SPAR Stadium,,,Open
3559,Wahconah Park,,,Open
7107,Lakeside Stadium,,,Open
7150,Thames Field,,,Open
4737,Lauer's Park,,,Open
6255,Chavis Park,,,Open
2832,Prince George's Stadium,38.946114,-76.709334,Open
6093,Seattle Mariners DR Complex,,,Open
4750,Stade Bellevue,,,Open
6740,Municipal Stadium,,,Open
6010,Academia de Beisbol de Los Piratas de Pittsburgh,18.51359148,-69.64988028,Open
6601,Memorial Park,,,Open
6128,Peoria Stadium Complex (SEA),,,Open
6492,Elgin IL (Unknown),,,Open
6800,Huntsville Manufacturing Park,,,Open
7122,Greyhound Park,,,Open
3167,Roosevelt Stadium,,,Open
7018,Civic Stadium,,,Open
5365,TD Ameritrade Park,41.25861,-95.93779,Open
7053,Cedarhurst NY (Unknown),,,Open
8,Hubert H. Humphrey Metrodome,,,Dome
4874,Ned Skeldon Stadium,,,Open
3410,Parque la Junta,,,Open
5159,FirstOntario Centre,,,Dome
6501,Sand Lotters Park,,,Open
6596,Bloomsburg Fair Racetrack,,,Open
5072,Northlands Coliseum,,,Dome
7016,Dwenger Park,,,Open
7074,44th and Parkside Ballpark,,,Open
6127,Camelback Ranch Complex (CWS),,,Open
6150,Woodbury NJ (Unknown),,,Open
6848,Washington Stadium,,,Open
4769,Bernie Arbour Memorial stadium,,,Open
6858,Tin Plate Field,,,Open
4869,Moana Stadium,,,Open
5083,Talking Stick Resort Arena,,,Dome
6458,Harrison Park,,,Open
2744,Centennial Field,,,Open
5042,Georgia Dome,,,Dome
4350,Suplizio Field,,,Open
5135,Civic Arena,,,Dome
5211,Pontiac Silverdome,,,Dome
6807,Horlick Field,,,Open
3163,Neil Park (1905-32),,,Open
6600,City Park,,,Open
5117,McNichols Sports Arena,,,Dome
5125,Jubilee Arena,,,Dome
6570,J. Edgar Walters Jr. Park,,,Open
5026,Barclays Center,,,Dome
5381,London Stadium,51.50853,-0.12574,Open
5124,Montreal Arena,,,Dome
2527,Parque Foro Sol,,,Open
7157,Spring Bank Park,,,Open
4804,Dunn Field,,,Open
2541,Durham Bulls Athletic Park,35.99158,-78.90401,Open
7103,Lenox Oval,,,Open
4210,Blacktown International Sportspark,,,Open
5405,Blue Lake Sports Park,,,Open
5253,Bojangles' Coliseum,,,Dome
6146,Eagle Park,,,Open
6306,Vinton Street Park,,,Open
2859,Volcanoes Stadium,,,Open
5201,Salt Palace,,,Dome
7031,Brighton Oval,,,Open
6744,Mitchell Stadium,,,Open
3090,Fukuoka Dome,,,Retractable
4349,XinZhuang Stadium,,,Open
6088,Toronto Blue Jays DR Complex,,,Open
5087,Time Warner Arena,,,Dome
2526,LECOM Park,27.48553,-82.57038,Open
5173,Sprint Center,,,Dome
2540,"Joseph P. Riley, Jr. Ballpark",32.790421,-79.961332,Open
6014,Estadio Guatamare,,,Open
4775,Brooks Field,,,Open
4,Rate Field,41.83,-87.634167,Open
5094,Verizon Center,,,Dome
6343,Wilson Park,,,Open
2739,Calfee Park,,,Open
6201,South End Park,,,Open
6855,Utica Park,,,Open
7183,Randall's Island Stadium,,,Open
7185,Point Breeze Park,,,Open
5110,Omni Coliseum,,,Dome
5134,Spectrum,,,Dome
5096,Wells Fargo Center,,,Dome
5114,Chicago Coliseum,,,Dome
5336,Estadio Hermanos Marrero,,,Open
4923,Stade Amedee-Roy,,,Open
4907,Ruppert Stadium,,,Open
7118,Hammond LA (Unknown),,,Open
3114,Bennett Park,,,Open
4811,Fair Grounds Park,,,Open
2912,Medlar Field at Lubrano Park,,,Open
5123,The Forum,,,Dome
2851,AdventHealth Stadium,34.285832,-85.167211,Open
5067,Prudential Center,,,Dome
5330,Uni-Trade Stadium,,,Open
7250,Yankee Complex Field 2,27.978979741428514,-82.50706715487692,Open
3550,Cardines Field,,,Open
5417,Truist Point,,,Open
6890,Russell Field,,,Open
6206,Metropolitan Park,,,Open
7034,Cecilian Park,,,Open
7132,Florence NJ (Unknown),,,Open
6757,Masels Field,,,Open
5267,Veterans Memorial Arena,,,Dome
2862,Lee Health Sports Complex,26.537803,-81.841973,Open
5250,Allstate Arena,,,Dome
4389,Estadio Nacional Rod Carew,,,Open
4853,Legion Field,,,Open
6292,Hinchliffe Stadium,,,Open
6728,Arnold Park,,,Open
7180,Reservoir Park,,,Open
5490,Estadio Jorge Luis Garcia Carneiro,,,Open
6203,Memorial Park,,,Open
5144,Phillips Arena,,,Dome
6751,Morgan G. Bulkeley Stadium,,,Open
28,Qualcomm Stadium,,,Open
6544,Hayman Park,,,Open
5221,Minneapolis Armory,,,Dome
6099,Milwaukee Brewers DR Complex,,,Open
4886,Payne Park,,,Open
3313,Yankee Stadium,40.82919482,-73.9264977,Open
6242,Memorial Park,,,Open
2760,Edward A. LeLacheur Park,,,Open
7110,Knight Park,,,Open
6460,Joannes Park,,,Open
5515,Colorado Convention Center,,,Indoor
4936,Tinker Field,,,Open
4863,Met Park,,,Open
7025,City Park,,,Open
6540,Clarion PA (Unknown),,,Open
6070,Estadio Conspiradores,,,Open
3160,League Park,,,Open
5535,Estadio Nestor Morales,,,Open
4980,Segra Park,34.018317,-81.030958,Open
5069,Quicken Loans Arena,,,Dome
6315,Saratoga Park,,,Open
4848,Lanphier Park,,,Open
6912,Recreation Park,,,Open
5047,Joe Louis Arena,,,Dome
6713,Belleville Athletic Field,,,Open
4009,Miyagi Baseball Stadium,,,Open
6,Tiger Stadium,42.331996,-83.068972,Open
5119,Reunion Arena,,,Dome
6693,Central Park,,,Open
5227,Oncenter War Memorial Arena,,,Dome
4938,Vaughn Street Park,,,Open
7078,Athletic Park,,,Open
6496,All-Sports Stadium,,,Open
2795,Maimonides Park,40.57392,-73.98473,Open
3949,Rickwood Field,33.5023303,-86.8563555,Open
6009,Gwangju-KIA Champions Field,35.16785809,126.88865,Open
6504,Mack Park,,,Open
5196,ARCO Arena,,,Dome
4867,Mirmow Stadium,,,Open
4871,Municipal Stadium,,,Open
2519,Lee Health Sports Complex Fields,,,Open
6440,Hoboken NJ (Unknown),,,Open
7002,Athletic Park,,,Open
6117,Salt River Fields Complex (AZ),,,Open
6771,Lincoln Park,,,Open
6251,Roebling Ball Park,,,Open
5345,SRP Park,33.4844619,-81.9764372,Open
4758,Al Lopez Field,,,Open
4954,Yale Field,,,Open
7098,League Park,,,Open
4752,Tech Field,,,Open
7137,Fairground Park,,,Open
3154,Aloha Stadium,,,Open
